Bairro,Fonte,Geracao_MWh,Capacidade_kW,Impacto_tCO2
Centro,Solar,184,121,31.6
Centro,Eólica,238,157,40.8
Centro,Biogás,71,47,12.2
Lagoa,Solar,142,94,24.4
Lagoa,Eólica,121,80,20.8
Lagoa,Biogás,196,129,33.6
Trindade,Solar,214,141,36.7
Trindade,Eólica,286,189,49
Trindade,Biogás,64,42,11
Ribeirão,Solar,171,113,29.3
Ribeirão,Eólica,93,61,15.9
Ribeirão,Biogás,126,83,21.6
Ingleses,Solar,229,151,39.3
Ingleses,Eólica,262,173,44.9
Ingleses,Biogás,88,58,15.1
Campeche,Solar,248,164,42.5
Campeche,Eólica,134,88,23
Campeche,Biogás,207,137,35.5
